step,rows_removed,rows_modified,description
1_parse_timestamps,0,0,Видалено рядки з непарсованим timestamp
2_remove_full_dupes,1469,0,Видалено точні дублі рядків
3_remove_near_dupes,2933,0,"Видалено майже-дублі (±2с, той самий ключ)"
4_remove_bots,2629,0,Видалено бот-сесії (UA + >2 подій/сек)
5_normalize_categories,0,126123,"Нормалізовано device, country, source, medium, campaign"
6_clean_order_value,0,45,Neg/zero order_value замінено на NaN
7_clean_items_count,0,22,items_count=0 замінено на NaN
8_normalize_timezone,0,34532,Europe/Kyiv → UTC (−3 год)
SUMMARY,7031,0,"76,023 → 68,992 рядків (видалено 7,031)"
